{
  "summary": {
    "method": "single independent HMC validation replicate",
    "source_result_json": "/Users/sam/Documents/research/Adjoint-QM/results/sun_adjoint_hmc_neural_su4_g1_1000.json",
    "checkpoint": "/Users/sam/Documents/research/Adjoint-QM/results/sun_adjoint_hmc_neural_su4_g1_1000.pt",
    "validation_replicates": 1,
    "validation_chains": 25,
    "validation_transitions_per_chain": 1000,
    "retained_sample_count": 25000,
    "validation_warmup": 80,
    "energy": 18.65547509338795,
    "radial": 11.910789090849645,
    "angular": 2.596440864356604,
    "kinetic": 14.50722995520625,
    "potential": 4.1482451381816965,
    "tr_x2": 2.542188892392418,
    "tr_x4": 2.877150691985487,
    "virial_residual": 14.963668250078136,
    "acceptance_rate": 0.99768,
    "divergence_fraction": 0.00028,
    "warmup_acceptance_rate": 0.888,
    "warmup_divergence_fraction": 0.053,
    "warmup_step_size": 0.03144181346634985,
    "step_size": 0.00628836269326997,
    "mean_abs_hamiltonian_error": 0.006495790909497212,
    "max_abs_hamiltonian_error": 35.84812825726139,
    "minimum_gap_min": 0.01413391501339556,
    "minimum_gap_mean": 0.42896658650125974,
    "wall_time_seconds": 10.856285810470581
  },
  "validation": {
    "evaluations": [
      {
        "replicate": 0,
        "sample_count": 25000,
        "warmup_acceptance_rate": 0.888,
        "warmup_divergence_fraction": 0.053,
        "warmup_step_size": 0.03144181346634985,
        "step_size": 0.00628836269326997,
        "step_size_scale": 0.2,
        "acceptance_rate": 0.99768,
        "divergence_fraction": 0.00028,
        "mean_abs_hamiltonian_error": 0.006495790909497212,
        "max_abs_hamiltonian_error": 35.84812825726139,
        "minimum_gap_min": 0.01413391501339556,
        "minimum_gap_mean": 0.42896658650125974,
        "energy": 18.65547509338795,
        "radial": 11.910789090849645,
        "angular": 2.596440864356604,
        "kinetic": 14.50722995520625,
        "potential": 4.1482451381816965,
        "tr_x2": 2.542188892392418,
        "tr_x4": 2.877150691985487,
        "virial_rhs": 14.050791660334365,
        "virial_residual": 14.963668250078136,
        "relative_ess": 1.0
      }
    ],
    "energy_mean": 18.65547509338795,
    "energy_min": 18.65547509338795,
    "energy_max": 18.65547509338795,
    "energy_spread": 0.0,
    "virial_mean": 14.963668250078136,
    "virial_abs_max": 14.963668250078136,
    "validation_beta": 1.0,
    "validation_step_scale": 0.2
  }
}
