{
  "summary": {
    "method": "single HMC validation run with uncertainty from 25 chain means",
    "source_result_json": "/Users/sam/Documents/research/Adjoint-QM/results/sun_adjoint_hmc_neural_su4_g1_1000.json",
    "checkpoint": "/Users/sam/Documents/research/Adjoint-QM/results/sun_adjoint_hmc_neural_su4_g1_1000.pt",
    "validation_chains": 25,
    "validation_transitions_per_chain": 1000,
    "retained_sample_count_total": 25000,
    "validation_warmup": 120,
    "energy_pooled": 18.62693364501748,
    "energy_mean_of_chain_means": 18.626933645017484,
    "energy_chain_mean_std": 1.251803159863354,
    "energy_standard_error_across_chains": 0.25036063197267083,
    "energy_chain_mean_min": 16.678845050766014,
    "energy_chain_mean_max": 21.965646121705028,
    "energy_chain_mean_spread": 5.286801070939013,
    "virial_pooled": 14.89134638696755,
    "virial_mean_of_chain_means": 14.891346386967555,
    "virial_chain_mean_std": 0.9852885233567897,
    "virial_standard_error_across_chains": 0.19705770467135794,
    "kinetic_pooled": 14.475814481720311,
    "potential_pooled": 4.1511191632971665,
    "tr_x2_pooled": 2.5441940767155917,
    "tr_x4_pooled": 2.8790221249393704,
    "acceptance_rate": 0.99836,
    "divergence_fraction": 0.00012,
    "warmup_acceptance_rate": 0.891,
    "warmup_divergence_fraction": 0.051,
    "warmup_step_size": 0.024626538927603137,
    "step_size": 0.004925307785520628,
    "mean_abs_hamiltonian_error": 0.006224240837569084,
    "max_abs_hamiltonian_error": 38.14797419925911,
    "wall_time_seconds": 11.544115781784058,
    "uncertainty_note": "Standard error is computed from the 25 per-chain energy estimates, not from 25000 flattened samples."
  },
  "per_chain": [
    {
      "chain": 0,
      "sample_count": 1000,
      "energy": 19.140992998946533,
      "radial": 12.28421480522028,
      "angular": 2.592631451306745,
      "kinetic": 14.876846256527024,
      "potential": 4.264146742419507,
      "tr_x2": 2.5825767576645386,
      "tr_x4": 2.9728583635872385,
      "virial_residual": 15.279682301040555,
      "relative_ess": 1.0,
      "minimum_gap_min": 0.049665000516160074,
      "minimum_gap_mean": 0.43409006474773953
    },
    {
      "chain": 1,
      "sample_count": 1000,
      "energy": 18.266160626642343,
      "radial": 11.548403845538287,
      "angular": 2.6197170053562155,
      "kinetic": 14.168120850894503,
      "potential": 4.098039775747838,
      "tr_x2": 2.5212561202405452,
      "tr_x4": 2.8374117156275656,
      "virial_residual": 14.465338719038199,
      "relative_ess": 1.0,
      "minimum_gap_min": 0.04319762901005941,
      "minimum_gap_mean": 0.42959510429780645
    },
    {
      "chain": 2,
      "sample_count": 1000,
      "energy": 19.193494755502794,
      "radial": 12.406469783245004,
      "angular": 2.4370418215828566,
      "kinetic": 14.843511604827857,
      "potential": 4.349983150674931,
      "tr_x2": 2.6480337669416123,
      "tr_x4": 3.025966267204125,
      "virial_residual": 14.935124373897601,
      "relative_ess": 1.0,
      "minimum_gap_min": 0.03323403293021765,
      "minimum_gap_mean": 0.4235569086441865
    },
    {
      "chain": 3,
      "sample_count": 1000,
      "energy": 19.0983097431965,
      "radial": 12.312366746515313,
      "angular": 2.610380725821796,
      "kinetic": 14.922747472337107,
      "potential": 4.175562270859391,
      "tr_x2": 2.5489501409196786,
      "tr_x4": 2.901087200399551,
      "virial_residual": 15.692196002156331,
      "relative_ess": 1.0,
      "minimum_gap_min": 0.037903744459858946,
      "minimum_gap_mean": 0.4202798065265454
    },
    {
      "chain": 4,
      "sample_count": 1000,
      "energy": 19.30785857145658,
      "radial": 12.471718285127396,
      "angular": 2.4398381497919885,
      "kinetic": 14.911556434919383,
      "potential": 4.396302136537195,
      "tr_x2": 2.640126856978959,
      "tr_x4": 3.076238708047717,
      "virial_residual": 14.87803118066894,
      "relative_ess": 1.0,
      "minimum_gap_min": 0.047343480472364974,
      "minimum_gap_mean": 0.43673480360041744
    },
    {
      "chain": 5,
      "sample_count": 1000,
      "energy": 18.94034569181182,
      "radial": 12.080824376187898,
      "angular": 2.675814106797574,
      "kinetic": 14.75663848298547,
      "potential": 4.183707208826348,
      "tr_x2": 2.5488093969724694,
      "tr_x4": 2.9093025103401136,
      "virial_residual": 15.327257527638018,
      "relative_ess": 1.0,
      "minimum_gap_min": 0.02247631478579218,
      "minimum_gap_mean": 0.43732625473382325
    },
    {
      "chain": 6,
      "sample_count": 1000,
      "energy": 17.82767301162507,
      "radial": 11.235444170723708,
      "angular": 2.586643547009629,
      "kinetic": 13.822087717733337,
      "potential": 4.005585293891732,
      "tr_x2": 2.4968166740762703,
      "tr_x4": 2.757176956853597,
      "virial_residual": 14.118650933976017,
      "relative_ess": 1.0,
      "minimum_gap_min": 0.03491675746197663,
      "minimum_gap_mean": 0.4207281741709118
    },
    {
      "chain": 7,
      "sample_count": 1000,
      "energy": 17.34101468788039,
      "radial": 10.830731530057156,
      "angular": 2.6277184727415506,
      "kinetic": 13.45845000279871,
      "potential": 3.8825646850816757,
      "tr_x2": 2.4608094479973053,
      "tr_x4": 2.652159961083023,
      "virial_residual": 13.847450713268021,
      "relative_ess": 1.0,
      "minimum_gap_min": 0.02593741280085049,
      "minimum_gap_mean": 0.41711551409998915
    },
    {
      "chain": 8,
      "sample_count": 1000,
      "energy": 20.866744759571315,
      "radial": 13.818936859746444,
      "angular": 2.405611864492777,
      "kinetic": 16.224548724239224,
      "potential": 4.642196035332092,
      "tr_x2": 2.742656818963894,
      "tr_x4": 3.270867625850145,
      "virial_residual": 16.622970126113973,
      "relative_ess": 1.0,
      "minimum_gap_min": 0.04297199132638929,
      "minimum_gap_mean": 0.4473315179419652
    },
    {
      "chain": 9,
      "sample_count": 1000,
      "energy": 18.551541609820664,
      "radial": 11.830433330207866,
      "angular": 2.5828328182498743,
      "kinetic": 14.413266148457742,
      "potential": 4.1382754613629205,
      "tr_x2": 2.5294006782836616,
      "tr_x4": 2.87357512222109,
      "virial_residual": 14.802831129747464,
      "relative_ess": 1.0,
      "minimum_gap_min": 0.06411036057384203,
      "minimum_gap_mean": 0.43455633226144097
    },
    {
      "chain": 10,
      "sample_count": 1000,
      "energy": 21.965646121705028,
      "radial": 14.784439464747692,
      "angular": 2.4315601141212206,
      "kinetic": 17.215999578868914,
      "potential": 4.749646542836118,
      "tr_x2": 2.73181830007972,
      "tr_x4": 3.383737392796257,
      "virial_residual": 18.16523128647308,
      "relative_ess": 1.0,
      "minimum_gap_min": 0.06501624410718555,
      "minimum_gap_mean": 0.44663153808597583
    },
    {
      "chain": 11,
      "sample_count": 1000,
      "energy": 16.678845050766014,
      "radial": 10.190117372627936,
      "angular": 2.7994872363951457,
      "kinetic": 12.989604609023083,
      "potential": 3.689240441742934,
      "tr_x2": 2.3686765191528676,
      "tr_x4": 2.5049021821665005,
      "virial_residual": 13.590923970227296,
      "relative_ess": 1.0,
      "minimum_gap_min": 0.011838149732416592,
      "minimum_gap_mean": 0.41741887606716843
    },
    {
      "chain": 12,
      "sample_count": 1000,
      "energy": 17.79810128888098,
      "radial": 11.210433566728105,
      "angular": 2.6569937354569597,
      "kinetic": 13.867427302185066,
      "potential": 3.930673986695916,
      "tr_x2": 2.4587473096812604,
      "tr_x4": 2.701300331855286,
      "virial_residual": 14.470905967267726,
      "relative_ess": 1.0,
      "minimum_gap_min": 0.03650145349899281,
      "minimum_gap_mean": 0.4203868373434732
    },
    {
      "chain": 13,
      "sample_count": 1000,
      "energy": 19.230556479296148,