{
  "metadata": {
    "script": "evaluate_sun_adjoint_checkpoint.py",
    "python_version": "3.13.2",
    "torch_version": "2.12.0",
    "arguments": {
      "result_json": "results/sun_adjoint_hmc_neural_su4_g1_1000.json",
      "checkpoint": null,
      "output": "results/sun_adjoint_hmc_neural_su4_g1_1000_rqmc_eval_latest.json",
      "samples": 32768,
      "replicates": 8,
      "proposal_sigma": 1.0,
      "seed": 1240000
    },
    "source_result_json": "results/sun_adjoint_hmc_neural_su4_g1_1000.json",
    "checkpoint": "/Users/sam/Documents/research/Adjoint-QM/results/sun_adjoint_hmc_neural_su4_g1_1000.pt",
    "method": "randomized Sobol-Gaussian self-normalized importance sampling",
    "estimator_note": "Estimates the same variational energy.  Virial residuals are reported only as independent diagnostics."
  },
  "evaluations": [
    {
      "seed": 1240000,
      "sample_count": 32768,
      "proposal_sigma": 1.0,
      "energy": 18.747916795510385,
      "radial": 11.989785122860269,
      "angular": 2.583924240081813,
      "potential": 4.174207432568302,
      "norm": 2464.1763103095786,
      "local_energy_mean": 18.74791679551038,
      "local_energy_std": 9.598970535713722,
      "tr_x2": 2.5525663450566936,
      "tr_x4": 2.897924260039956,
      "kinetic": 14.573709362942079,
      "virial_rhs": 14.144263385216517,
      "virial_residual": 15.003155340667641
    },
    {
      "seed": 1240001,
      "sample_count": 32768,
      "proposal_sigma": 1.0,
      "energy": 18.749058891324488,
      "radial": 11.990742536018434,
      "angular": 2.5836058433007296,
      "potential": 4.1747105120053245,
      "norm": 2468.68424822974,
      "local_energy_mean": 18.749058891324488,
      "local_energy_std": 9.5983491960963,
      "tr_x2": 2.552961628055349,
      "tr_x4": 2.8982296979776505,
      "kinetic": 14.574348379319167,
      "virial_rhs": 14.145880419965952,
      "virial_residual": 15.002816338672382
    },
    {
      "seed": 1240002,
      "sample_count": 32768,
      "proposal_sigma": 1.0,
      "energy": 18.755175358557324,
      "radial": 11.99597722781233,
      "angular": 2.5837198607924448,
      "potential": 4.175478269952547,
      "norm": 2462.427422715778,
      "local_energy_mean": 18.755175358557324,
      "local_energy_std": 9.61416397978728,
      "tr_x2": 2.5530019103748516,
      "tr_x4": 2.8989773147651214,
      "kinetic": 14.579697088604775,
      "virial_rhs": 14.148911169435337,
      "virial_residual": 15.010483007774212
    },
    {
      "seed": 1240003,
      "sample_count": 32768,
      "proposal_sigma": 1.0,
      "energy": 18.75561329768638,
      "radial": 11.996560009277832,
      "angular": 2.5838606832610145,
      "potential": 4.175192605147534,
      "norm": 2464.5039394396304,
      "local_energy_mean": 18.755613297686384,
      "local_energy_std": 9.618695082729118,
      "tr_x2": 2.5528339412495766,
      "tr_x4": 2.898775634522746,
      "kinetic": 14.580420692538846,
      "virial_rhs": 14.147936479340562,
      "virial_residual": 15.01290490573713
    },
    {
      "seed": 1240004,
      "sample_count": 32768,
      "proposal_sigma": 1.0,
      "energy": 18.751938048342215,
      "radial": 11.992991863759121,
      "angular": 2.5836186329550395,
      "potential": 4.175327551628052,
      "norm": 2464.722094319827,
      "local_energy_mean": 18.751938048342208,
      "local_energy_std": 9.602645503272345,
      "tr_x2": 2.553003477413187,
      "tr_x4": 2.898825812921458,
      "kinetic": 14.57661049671416,
      "virial_rhs": 14.14830672909902,
      "virial_residual": 15.004914264329301
    },
    {
      "seed": 1240005,
      "sample_count": 32768,
      "proposal_sigma": 1.0,
      "energy": 18.755446395132765,
      "radial": 11.997118804254624,
      "angular": 2.5838039211427706,
      "potential": 4.174523669735369,
      "norm": 2463.8108335161232,
      "local_energy_mean": 18.755446395132765,
      "local_energy_std": 9.624118276533844,
      "tr_x2": 2.5526386838631883,
      "tr_x4": 2.898204327803775,
      "kinetic": 14.580922725397395,
      "virial_rhs": 14.145455995078288,
      "virial_residual": 15.016389455716501
    },
    {
      "seed": 1240006,
      "sample_count": 32768,
      "proposal_sigma": 1.0,
      "energy": 18.735282760917887,
      "radial": 11.979239935463392,
      "angular": 2.585119970023959,
      "potential": 4.170922855430537,
      "norm": 2463.718627183365,
      "local_energy_mean": 18.73528276091789,
      "local_energy_std": 9.601153363391177,
      "tr_x2": 2.551287609102712,
      "tr_x4": 2.895279050879181,
      "kinetic": 14.564359905487349,
      "virial_rhs": 14.132403812619435,
      "virial_residual": 14.996315998355263
    },
    {
      "seed": 1240007,
      "sample_count": 32768,
      "proposal_sigma": 1.0,
      "energy": 18.757198713929768,
      "radial": 11.998378512857125,
      "angular": 2.583441779111831,
      "potential": 4.175378421960812,
      "norm": 2464.9393384126956,
      "local_energy_mean": 18.757198713929768,
      "local_energy_std": 9.623381252294916,
      "tr_x2": 2.553139599419008,
      "tr_x4": 2.898808622251308,
      "kinetic": 14.581820291968954,
      "virial_rhs": 14.14837408842424,
      "virial_residual": 15.015266495513668
    }
  ],
  "summary": {
    "energy_mean": 18.75095378267515,
    "energy_sd_across_replicates": 0.007152213665590303,
    "energy_standard_error": 0.0025286893917169984,
    "energy_min": 18.735282760917887,
    "energy_max": 18.757198713929768,
    "energy_spread": 0.021915953011880873,
    "virial_mean": 15.007780725845763,
    "virial_abs_max": 15.016389455716501,
    "replicates": 8,
    "sample_count_per_replicate": 32768,
    "proposal_sigma": 1.0
  }
}
