{
  "metadata": {
    "script": "evaluate_sun_adjoint_checkpoint.py",
    "python_version": "3.13.2",
    "torch_version": "2.12.0",
    "arguments": {
      "result_json": "/Users/sam/Documents/research/Adjoint-QM/results/sun_adjoint_hmc_neural_su4_g1_1000.json",
      "checkpoint": null,
      "output": "results/sun_adjoint_hmc_neural_su4_g1_1000_rqmc_eval.json",
      "samples": 32768,
      "replicates": 8,
      "proposal_sigma": 1.0,
      "seed": 1240000
    },
    "source_result_json": "/Users/sam/Documents/research/Adjoint-QM/results/sun_adjoint_hmc_neural_su4_g1_1000.json",
    "checkpoint": "/Users/sam/Documents/research/Adjoint-QM/results/sun_adjoint_hmc_neural_su4_g1_1000.pt",
    "method": "randomized Sobol-Gaussian self-normalized importance sampling",
    "estimator_note": "Estimates the same variational energy.  Virial residuals are reported only as independent diagnostics."
  },
  "evaluations": [
    {
      "seed": 1240000,
      "sample_count": 32768,
      "proposal_sigma": 1.0,
      "energy": 18.829948609952066,
      "radial": 12.093370029894356,
      "angular": 2.5881766755513698,
      "potential": 4.148401904506341,
      "norm": 3197.0942671893777,
      "local_energy_mean": 18.829948609952066,
      "local_energy_std": 9.598294000111817,
      "tr_x2": 2.550195474563384,
      "tr_x4": 2.8733041672246475,
      "kinetic": 14.681546705445726,
      "virial_rhs": 14.043412143461975,
      "virial_residual": 15.319681267429477
    },
    {
      "seed": 1240001,
      "sample_count": 32768,
      "proposal_sigma": 1.0,
      "energy": 18.83000911310152,
      "radial": 12.093366012406623,
      "angular": 2.5878329748188853,
      "potential": 4.148810125876016,
      "norm": 3203.2631708240756,
      "local_energy_mean": 18.83000911310153,
      "local_energy_std": 9.599314512990361,
      "tr_x2": 2.5505921732230887,
      "tr_x4": 2.8735140392644714,
      "kinetic": 14.681198987225505,
      "virial_rhs": 14.044648330280975,
      "virial_residual": 15.317749644170036
    },
    {
      "seed": 1240002,
      "sample_count": 32768,
      "proposal_sigma": 1.0,
      "energy": 18.835871560225943,
      "radial": 12.09825242829875,
      "angular": 2.587991193780948,
      "potential": 4.149627938146246,
      "norm": 3194.7761428404247,
      "local_energy_mean": 18.835871560225947,
      "local_energy_std": 9.61224696007817,
      "tr_x2": 2.55062614583489,
      "tr_x4": 2.8743148652288015,
      "kinetic": 14.686243622079695,
      "virial_rhs": 14.047885606750096,
      "virial_residual": 15.324601637409295
    },
    {
      "seed": 1240003,
      "sample_count": 32768,
      "proposal_sigma": 1.0,
      "energy": 18.836186479215637,
      "radial": 12.098484212368312,
      "angular": 2.5880757951923807,
      "potential": 4.149626471654945,
      "norm": 3197.6766968035176,
      "local_energy_mean": 18.83618647921564,
      "local_energy_std": 9.596083316860629,
      "tr_x2": 2.5505333045826615,
      "tr_x4": 2.874359819363614,
      "kinetic": 14.686560007560692,
      "virial_rhs": 14.047972582037117,
      "virial_residual": 15.325147433084267
    },
    {
      "seed": 1240004,
      "sample_count": 32768,
      "proposal_sigma": 1.0,
      "energy": 18.83402722983608,
      "radial": 12.096745016566437,
      "angular": 2.587894980747178,
      "potential": 4.149387232522465,
      "norm": 3197.7393255440106,
      "local_energy_mean": 18.83402722983609,
      "local_energy_std": 9.611700891542863,
      "tr_x2": 2.5505920175488686,
      "tr_x4": 2.8740912237480307,
      "kinetic": 14.684639997313615,
      "virial_rhs": 14.046956912540992,
      "virial_residual": 15.322323082086239
    },
    {
      "seed": 1240005,
      "sample_count": 32768,
      "proposal_sigma": 1.0,
      "energy": 18.833959336363396,
      "radial": 12.096948681053279,
      "angular": 2.587994634106414,
      "potential": 4.1490160212037015,
      "norm": 3196.814884074483,
      "local_energy_mean": 18.833959336363392,
      "local_energy_std": 9.597995110393676,
      "tr_x2": 2.550378615277955,
      "tr_x4": 2.8738267135647244,
      "kinetic": 14.684943315159694,
      "virial_rhs": 14.045685469536853,
      "virial_residual": 15.324201160782536
    },
    {
      "seed": 1240006,
      "sample_count": 32768,
      "proposal_sigma": 1.0,
      "energy": 18.818153755325802,
      "radial": 12.083777193197475,
      "angular": 2.589419285244138,
      "potential": 4.144957276884188,
      "norm": 3196.627141984356,
      "local_energy_mean": 18.818153755325802,
      "local_energy_std": 9.60035096558254,
      "tr_x2": 2.548879007677462,
      "tr_x4": 2.870517773045458,
      "kinetic": 14.673196478441612,
      "virial_rhs": 14.030950099859293,
      "virial_residual": 15.315442857023932
    },
    {
      "seed": 1240007,
      "sample_count": 32768,
      "proposal_sigma": 1.0,
      "energy": 18.83705615942565,
      "radial": 12.099595840904472,
      "angular": 2.5876219381540713,
      "potential": 4.149838380367108,
      "norm": 3198.282113313853,
      "local_energy_mean": 18.83705615942565,
      "local_energy_std": 9.604812530891463,
      "tr_x2": 2.5508653490550586,
      "tr_x4": 2.874405705839579,
      "kinetic": 14.68721777905854,
      "virial_rhs": 14.048488172413375,
      "virial_residual": 15.325947385703707
    }
  ],
  "summary": {
    "energy_mean": 18.831901530430763,
    "energy_sd_across_replicates": 0.006162580025993251,
    "energy_standard_error": 0.002178801062992299,
    "energy_min": 18.818153755325802,
    "energy_max": 18.83705615942565,
    "energy_spread": 0.01890240409984756,
    "virial_mean": 15.321886808461185,
    "virial_abs_max": 15.325947385703707,
    "replicates": 8,
    "sample_count_per_replicate": 32768,
    "proposal_sigma": 1.0
  }
}
