{
  "summary": {
    "method": "single independent HMC validation replicate",
    "source_result_json": "/Users/sam/Documents/research/Adjoint-QM/results/sun_adjoint_hmc_neural_su4_g1_1000.json",
    "checkpoint": "/Users/sam/Documents/research/Adjoint-QM/results/sun_adjoint_hmc_neural_su4_g1_1000.pt",
    "validation_replicates": 1,
    "validation_chains": 25,
    "validation_transitions_per_chain": 1000,
    "retained_sample_count": 25000,
    "validation_warmup": 120,
    "energy": 18.62693364501748,
    "radial": 11.882730838380063,
    "angular": 2.5930836433402504,
    "kinetic": 14.475814481720313,
    "potential": 4.1511191632971665,
    "tr_x2": 2.5441940767155917,
    "tr_x4": 2.8790221249393704,
    "virial_residual": 14.891346386967554,
    "acceptance_rate": 0.99836,
    "divergence_fraction": 0.00012,
    "warmup_acceptance_rate": 0.891,
    "warmup_divergence_fraction": 0.051,
    "warmup_step_size": 0.024626538927603137,
    "step_size": 0.004925307785520628,
    "mean_abs_hamiltonian_error": 0.006224240837569084,
    "max_abs_hamiltonian_error": 38.14797419925911,
    "minimum_gap_min": 0.011838149732416592,
    "minimum_gap_mean": 0.4303316748526991,
    "wall_time_seconds": 12.107425928115845
  },
  "validation": {
    "evaluations": [
      {
        "replicate": 0,
        "sample_count": 25000,
        "warmup_acceptance_rate": 0.891,
        "warmup_divergence_fraction": 0.051,
        "warmup_step_size": 0.024626538927603137,
        "step_size": 0.004925307785520628,
        "step_size_scale": 0.2,
        "acceptance_rate": 0.99836,
        "divergence_fraction": 0.00012,
        "mean_abs_hamiltonian_error": 0.006224240837569084,
        "max_abs_hamiltonian_error": 38.14797419925911,
        "minimum_gap_min": 0.011838149732416592,
        "minimum_gap_mean": 0.4303316748526991,
        "energy": 18.62693364501748,
        "radial": 11.882730838380063,
        "angular": 2.5930836433402504,
        "kinetic": 14.475814481720313,
        "potential": 4.1511191632971665,
        "tr_x2": 2.5441940767155917,
        "tr_x4": 2.8790221249393704,
        "virial_rhs": 14.060282576473073,
        "virial_residual": 14.891346386967554,
        "relative_ess": 1.0000000000000007
      }
    ],
    "energy_mean": 18.62693364501748,
    "energy_min": 18.62693364501748,
    "energy_max": 18.62693364501748,
    "energy_spread": 0.0,
    "virial_mean": 14.891346386967554,
    "virial_abs_max": 14.891346386967554,
    "validation_beta": 1.0,
    "validation_step_scale": 0.2
  }
}
